symbol,avg_daily_return,volatility,log_volume,log_price,cluster
A,0.000306,0.015787,6.340827,1.691061,1
AAL,0.000965,0.022389,6.989072,1.627621,1
AAP,9.6e-05,0.019471,6.055878,2.155904,0
AAPL,0.00086,0.014309,7.654846,2.067591,1
ABBV,0.000753,0.016436,6.924736,1.801666,1
ABC,0.000378,0.014583,6.305379,1.939641,0
ABT,0.000474,0.012231,6.837433,1.644168,1
ACN,0.000698,0.011587,6.395352,2.022107,0
ADBE,0.001191,0.015091,6.457098,1.988516,0
ADI,0.000707,0.015442,6.401679,1.801132,0
ADM,3.6e-05,0.014503,6.548058,1.641976,1
ADP,0.000454,0.011941,6.317214,1.953306,0
ADS,0.000124,0.017627,5.798016,2.399111,0
ADSK,0.000933,0.019083,6.375595,1.835697,0
AEE,0.000564,0.010921,6.210212,1.671843,0
AEP,0.000521,0.010705,6.423608,1.784865,0
AES,-0.000146,0.015978,6.739545,1.086746,1
AET,0.001091,0.015133,6.424812,2.051646,0
AFL,0.000332,0.009746,6.301131,1.827649,0
AGN,0.00014,0.018249,6.50671,2.388703,0
AIG,0.000238,0.012463,6.868499,1.762222,1
AIV,0.00059,0.011833,6.083918,1.59413,0
AIZ,0.000519,0.013142,5.721453,1.902975,0
AJG,0.000358,0.009418,5.994306,1.692793,0
AKAM,0.000567,0.021703,6.32218,1.772476,2
ALB,0.000866,0.018069,6.091645,1.885055,0
ALGN,0.001545,0.019607,5.945423,1.946899,0
ALK,0.000869,0.018647,6.167369,1.835612,0
ALL,0.000718,0.010119,6.358497,1.846288,0
ALLE,0.000681,0.012974,5.851479,1.808176,0
ALXN,0.000182,0.024209,6.263343,2.179741,2
AMAT,0.001214,0.017413,7.126548,1.437788,1
AMD,0.001684,0.039102,7.522307,0.771485,2
AME,0.000398,0.0118,6.125846,1.72835,0
AMG,0.000114,0.017429,5.673962,2.254597,0
AMGN,0.000519,0.015176,6.534908,2.187427,0
AMP,0.000519,0.015774,6.04784,2.074445,0
AMT,0.000649,0.011528,6.330296,2.02343,0
AMZN,0.001244,0.018646,6.588846,2.791862,0
ANDV,0.000874,0.019866,6.384177,1.915426,0
ANSS,0.000614,0.012428,5.668398,1.976703,0
ANTM,0.001009,0.014477,6.268981,2.157296,0
AON,0.000543,0.01084,6.087309,2.020871,0
AOS,0.000925,0.013906,6.086338,1.592962,0
APA,-0.000408,0.024256,6.597687,1.780864,2
APC,-0.000104,0.023481,6.72618,1.839127,2
APD,0.000458,0.012144,6.122404,2.143963,0
APH,0.000751,0.011044,6.084954,1.778162,0
ARE,0.000774,0.010953,5.719746,1.984884,0
ARNC,0.0002,0.025698,6.837586,1.515103,2
ATVI,0.001419,0.018718,6.88337,1.551208,1
AVB,0.000465,0.010602,5.884087,2.227676,0
AVGO,0.00178,0.020237,6.460859,2.170494,0
AVY,0.000914,0.012619,5.886108,1.830168,0
AWK,0.000837,0.010279,5.983907,1.804662,0
AXP,0.000186,0.012738,6.683665,1.897905,1
AYI,0.000684,0.019668,5.701883,2.267891,0
AZO,0.000488,0.012965,5.506744,2.819706,0
BA,0.000852,0.013194,6.600104,2.190328,0
BAC,0.000733,0.016113,7.951157,1.261574,1
BAX,0.000135,0.017829,6.633309,1.75432,1
BBT,0.000379,0.01255,6.632614,1.600579,1
BBY,0.000824,0.024342,6.730593,1.585433,2
BDX,0.00073,0.010991,6.045276,2.191615,0
BEN,-0.000161,0.014614,6.412027,1.654539,1
BF.B,0.000673,0.011556,6.024383,1.682558,0
BIIB,0.000366,0.021729,6.238091,2.492026,0
BK,0.000526,0.013022,6.734355,1.623618,1
BLK,0.000579,0.013122,5.792764,2.556268,0
BLL,0.000468,0.012999,6.386822,1.54804,1
BMY,0.000284,0.015715,6.898796,1.773596,1
BRK.B,0.000561,0.009039,6.548862,2.168489,0
BSX,0.000843,0.015205,6.986575,1.289005,1
BWA,9.2e-05,0.018071,6.289446,1.68002,2
BXP,0.000322,0.011357,5.884783,2.097941,0
C,0.000467,0.015199,7.289705,1.731407,1
CA,8.8e-05,0.012952,6.434313,1.491122,1
CAG,0.000242,0.015355,6.517503,1.582038,1
CAH,2.8e-05,0.014335,6.359684,1.886904,0
CAT,0.000668,0.014811,6.720987,1.967015,1
CB,0.000404,0.009372,6.207735,2.077936,0
CBG,0.000629,0.016425,6.340055,1.514684,1
CBOE,0.000957,0.01173,5.879079,1.841131,0
CBS,4e-05,0.014797,6.75019,1.756893,1
CCI,0.000493,0.010735,6.384562,1.941387,0
CCL,0.000617,0.014748,6.601953,1.697424,1
CDNS,0.00118,0.013601,6.452667,1.380109,1
CELG,0.000385,0.019534,6.713121,2.037015,1
CERN,0.00031,0.014746,6.33209,1.784733,0
CF,0.000203,0.024319,6.617318,1.621404,2
CFG,0.000867,0.016671,6.720622,1.45162,1
CHD,0.000474,0.009927,6.204526,1.635698,0
CHK,-0.000865,0.045515,7.445377,1.070338,2
CHRW,0.000514,0.012978,6.202603,1.840294,0
CHTR,0.00105,0.016887,6.228018,2.350734,0
CI,0.000966,0.015107,6.210827,2.120972,0
CINF,0.000427,0.010225,5.770761,1.789108,0
CL,0.000209,0.00997,6.519921,1.838109,1
CLX,0.000532,0.009546,5.98714,2.06578,0
CMA,0.000753,0.016691,6.29501,1.726004,0
CMCSA,0.000512,0.011973,7.390999,1.498708,1
CME,0.000697,0.012085,6.191415,1.997531,0
CMG,-0.000402,0.019343,5.955236,2.713364,0
CMI,0.000348,0.014607,6.216433,2.134083,0
CMS,0.000638,0.010392,6.355809,1.580843,1
CNC,0.001448,0.021117,6.234829,1.789645,0
CNP,0.000287,0.011902,6.579298,1.36995,1
COF,0.000361,0.014724,6.480398,1.89726,0
COG,-4.2e-05,0.022158,6.806204,1.434999,2
COL,0.000703,0.013435,6.033053,1.965525,0
COO,0.000667,0.014051,5.681435,2.239681,0
COP,-3.1e-05,0.020428,6.898167,1.745645,2
COST,0.000516,0.011062,6.385262,2.169594,0
COTY,0.000481,0.022009,6.501543,1.332471,2
CPB,0.000184,0.012096,6.240531,1.710811,0
CRM,0.0008,0.019044,6.694815,1.864321,1
CSCO,0.000627,0.012368,7.419143,1.454911,1
CSRA,4.2e-05,0.018073,6.105703,1.458219,2
CSX,0.000808,0.017229,6.904497,1.54648,1
CTAS,0.001032,0.011638,5.794737,1.979868,0
CTL,-0.000469,0.018254,6.827954,1.469016,2
CTSH,0.00049,0.016008,6.625942,1.768145,1
CTXS,0.000505,0.017918,6.280343,1.869991,0
CVS,0.000109,0.012546,6.747513,1.942977,1
CVX,0.0001,0.013526,6.866538,2.029573,1
CXO,0.000657,0.023815,6.179021,2.078886,0
D,0.000299,0.010753,6.406938,1.864099,0
DAL,0.000884,0.019177,7.018553,1.645419,1
DE,0.000636,0.013441,6.474038,1.97805,0
DFS,0.000416,0.013314,6.474134,1.775763,1
DG,0.000544,0.015926,6.560507,1.859196,1
DGX,0.000694,0.012259,6.123821,1.887599,0
DHI,0.000993,0.017209,6.696342,1.468769,1
DHR,0.000274,0.012236,6.471863,1.925885,0
DIS,0.000408,0.01155,6.883211,1.995753,1
DISCA,-0.000999,0.024567,6.532159,1.558359,2
DISCK,-0.000984,0.024232,6.292862,1.53933,2
DISH,-3.9e-05,0.017332,6.351528,1.777369,2
DLR,0.000915,0.013084,6.136318,1.921107,0
DLTR,0.000758,0.015391,6.430069,1.870048,0
DOV,0.00018,0.015504,6.156427,1.881979,0
DPS,0.000763,0.010605,6.136627,1.90676,0
DRE,0.000656,0.011565,6.396558,1.351967,1
DRI,0.000686,0.014223,6.22241,1.818332,0
DTE,0.000566,0.010182,6.013564,1.947634,0
DUK,0.00026,0.01001,6.494656,1.891488,0
DVA,0.0002,0.013526,6.139066,1.846812,0
DVN,-4.1e-05,0.026386,6.741896,1.685852,2
EA,0.001692,0.018899,6.550462,1.838588,0
EBAY,3.8e-05,0.023814,7.03762,1.601169,2
ECL,0.000316,0.010962,6.043774,2.06662,0
ED,0.000503,0.010123,6.300402,1.83859,0
EFX,0.000682,0.016557,5.92231,2.020914,0
EIX,0.0004,0.01186,6.313185,1.823118,0
EL,0.000619,0.012378,6.264968,1.935292,0
EMN,0.000254,0.014993,6.130892,1.888709,0
EMR,8.6e-05,0.012662,6.588224,1.762902,1
EOG,0.000452,0.019259,6.59909,1.958762,1
EQIX,0.001042,0.013696,5.837259,2.490199,0
EQR,0.000266,0.011211,6.275868,1.832971,0
EQT,-0.000217,0.021229,6.304607,1.874754,2
ES,0.000472,0.010466,6.200988,1.724592,0
ESRX,0.000163,0.013991,6.635137,1.870854,1
ESS,0.000559,0.011083,5.60552,2.340514,0
ETFC,0.001099,0.019306,6.524814,1.462134,1
ETN,0.000151,0.014553,6.448993,1.830696,1
ETR,0.000335,0.011081,6.156407,1.875572,0
EVHC,-0.002106,0.029553,6.352471,1.734141,2
EW,0.001395,0.018598,6.293859,1.907555,0
EXC,0.00046,0.0134,6.809486,1.533211,1
EXPD,0.000465,0.011863,6.13372,1.69034,0
EXPE,0.000741,0.019858,6.331419,2.036453,0
EXR,0.000817,0.01285,5.979943,1.855415,0
F,-0.000114,0.013866,7.517385,1.140893,1
FAST,0.000261,0.014422,6.409852,1.649642,1
FB,0.001313,0.017327,7.465796,2.032369,1
FBHS,0.00051,0.014289,6.126897,1.718828,0
FCX,-5e-06,0.036989,7.408576,1.260214,2
FDX,0.000659,0.012927,6.232454,2.233273,0
FE,3.3e-05,0.013278,6.582162,1.519756,1
FFIV,0.000523,0.016485,6.00692,2.07604,0
FIS,0.000647,0.012292,6.19781,1.844559,0
FISV,0.000861,0.010337,6.028792,1.965548,0
FITB,0.00049,0.015348,6.86554,1.336577,1
FL,0.000379,0.021747,6.394312,1.76312,2
FLIR,0.000574,0.014594,5.957817,1.525991,0
FLR,-0.000221,0.020011,6.172064,1.746355,2
FLS,-0.000444,0.017758,6.119595,1.728378,2
FMC,0.000388,0.017384,6.088761,1.780441,0
FOX,8.4e-05,0.014861,6.581495,1.479266,1
FOXA,8.5e-05,0.015235,7.08059,1.485096,1
FRT,0.000331,0.010725,5.627878,2.132696,0
FTI,-0.000278,0.020559,6.513936,1.572104,2
FTV,0.001119,0.011055,6.179983,1.779775,0
GD,0.000819,0.01086,6.186219,2.177777,0
GE,-0.000382,0.011848,7.617461,1.435833,1
GGP,0.000258,0.014559,6.677516,1.406704,1
GILD,0.000105,0.017398,7.059268,1.944577,1
GIS,0.000236,0.010436,6.519369,1.755866,1
GLW,0.000681,0.013889,6.944947,1.356388,1
GM,0.000114,0.01501,7.17438,1.53723,1
GOOG,0.000758,0.013958,6.257651,2.854,0
GOOGL,0.000728,0.013824,6.323702,2.858873,0
GPC,0.000216,0.011728,5.869292,1.961462,0
GPN,0.001236,0.015697,6.137735,1.797468,0
GPS,9.4e-05,0.020909,6.733949,1.498279,2
GRMN,0.000419,0.016732,6.126617,1.687936,0
GS,0.000458,0.013776,6.501975,2.283829,0
GT,0.000477,0.017942,6.537515,1.470016,1
GWW,3.4e-05,0.014283,5.82943,2.35253,0
HAL,0.000176,0.019933,7.036663,1.672577,2
HAS,0.000625,0.015437,6.105442,1.878957,0
HBAN,0.000538,0.015354,7.015201,1.043334,1
HBI,0.00037,0.019207,6.604716,1.408629,1
HCA,0.000745,0.016727,6.497999,1.867384,0
HCN,0.000254,0.012584,6.336269,1.836257,0
HCP,-0.000216,0.014687,6.537941,1.558796,1
HD,0.000893,0.010998,6.723619,2.085331,0
HES,-0.000273,0.022779,6.572056,1.796677,2
HIG,0.000538,0.012359,6.46566,1.643,1
HII,0.001093,0.01499,5.522628,2.16759,0
HLT,0.001334,0.009855,6.41297,1.809676,0
HOG,-0.000137,0.017892,6.360222,1.750474,2
HOLX,0.000774,0.014879,6.408102,1.537503,1
HON,0.00058,0.010375,6.476544,2.044091,0
HP,5.2e-05,0.024193,6.278487,1.845766,2
HPE,8.1e-05,0.025283,7.067239,1.25846,2
HPQ,0.001128,0.018827,7.105003,1.193781,1
HRB,6.6e-05,0.018861,6.467927,1.46068,2
HRL,0.000567,0.012672,6.339624,1.501724,1
HRS,0.000797,0.012165,5.910936,1.948265,0
HSIC,0.000282,0.012207,6.031502,1.870089,0
HST,0.000143,0.01504,6.896663,1.277299,1
HSY,0.00024,0.012173,6.074855,1.997495,0
HUM,0.001017,0.016998,6.145618,2.248115,0
IBM,-0.00012,0.011735,6.633961,2.20806,0
ICE,0.000543,0.01367,6.556118,1.706607,1
IDXX,0.001223,0.016573,5.852895,1.983332,0
IFF,0.000654,0.012543,5.675212,2.071395,0
ILMN,0.000997,0.024834,6.143503,2.239182,0
INCY,0.001018,0.02856,6.201765,1.959761,2
INFO,0.000677,0.013255,6.14904,1.524341,0
INTC,0.000673,0.013759,7.433948,1.523789,1
INTU,0.000814,0.013127,6.201961,2.021107,0
IP,0.000267,0.013831,6.481373,1.687895,1
IPG,0.000238,0.01428,6.646504,1.326972,1
IQV,0.000848,0.013638,6.019653,1.848501,0
IR,0.000462,0.013257,6.310659,1.834279,0
IRM,0.000373,0.016113,6.225587,1.532896,1
ISRG,0.001185,0.016413,6.026023,2.319859,0
IT,0.000656,0.013488,5.665878,1.963634,0
ITW,0.000744,0.010163,6.213931,2.031198,0
IVZ,0.000146,0.015889,6.508477,1.53619,1
JBHT,0.000479,0.012243,5.967845,1.925737,0
JCI,-2.1e-05,0.013342,6.581057,1.624049,1
JEC,0.000165,0.015328,6.025205,1.703866,0
JNJ,0.000465,0.008891,6.863214,2.045184,1
JNPR,0.000392,0.017597,6.752137,1.409126,1
JPM,0.000688,0.012948,7.195346,1.844395,1
JWN,-6.5e-05,0.020017,6.391142,1.766896,2
K,0.000172,0.011069,6.320794,1.838229,0
KEY,0.000542,0.015929,7.073814,1.165353,1
KHC,0.000185,0.012948,6.515511,1.915705,0
KIM,-0.0,0.013004,6.522711,1.384031,1
KLAC,0.000652,0.017166,6.184385,1.872998,0
KMB,0.000197,0.0098,6.234759,2.072598,0
KMI,-0.000477,0.020307,7.187185,1.439693,2
KMX,0.000484,0.018677,6.331276,1.764293,0
KO,0.000157,0.008573,7.133676,1.628322,1
KORS,2.6e-05,0.024327,6.51982,1.755603,2
KR,0.000465,0.016083,6.958849,1.487879,1
KSS,0.000197,0.021963,6.553895,1.702199,2
KSU,1.9e-05,0.017154,6.12437,1.993202,0
L,0.000101,0.009701,6.041054,1.629064,0
LB,0.000163,0.019114,6.402823,1.842393,2
LEG,0.000516,0.012355,5.979788,1.646438,0
LEN,0.000615,0.01581,6.469284,1.662415,1
LH,0.000643,0.012356,5.960358,2.091822,0
LKQ,0.000345,0.015361,6.291519,1.482453,1
LLL,0.000715,0.013078,5.825802,2.136555,0
LLY,0.000598,0.013509,6.653158,1.873621,1
LMT,0.000832,0.009948,6.16324,2.350806,0
LNC,0.000575,0.017735,6.282015,1.746671,0
LNT,0.000572,0.010643,6.107271,1.535125,0
LOW,0.000713,0.013072,6.742197,1.839474,1
LRCX,0.001372,0.017405,6.348961,1.982514,0
LUK,3.3e-05,0.014545,6.243118,1.355799,1
LUV,0.001402,0.018171,6.837255,1.623426,1
LYB,0.000496,0.017928,6.537489,1.951927,0
M,-0.000512,0.021519,6.820059,1.655592,2
MA,0.000675,0.012852,6.631157,1.992743,0
MAA,0.000561,0.011406,5.78969,1.939805,0
MAC,0.000215,0.014036,6.071054,1.855869,0
MAR,0.001107,0.013634,6.440452,1.891835,0
MAS,0.00078,0.015671,6.586133,1.468905,1
MAT,-0.000893,0.021177,6.724695,1.452562,2
MCD,0.000622,0.009638,6.718688,2.065801,0
MCHP,0.0008,0.015212,6.356749,1.755031,0
MCK,0.000122,0.016942,6.208282,2.254675,0
MCO,0.000727,0.012917,6.006587,2.014966,0
MDLZ,0.000292,0.013221,6.937787,1.610259,1
MDT,0.000411,0.011699,6.773887,1.875463,1
MET,7.7e-05,0.015924,6.796194,1.702133,1
MGM,0.000545,0.020238,6.932438,1.395906,1
MHK,0.000708,0.013889,5.813552,2.280495,0
MKC,0.000453,0.010555,5.865416,1.933683,0
MLM,0.000974,0.019095,5.896441,2.220421,0
MMC,0.000577,0.009586,6.302342,1.793081,0
MMM,0.000578,0.009784,6.347038,2.225841,0
MNST,0.001225,0.019793,6.543867,1.632388,1
MO,0.000684,0.010372,6.83057,1.758888,1
MON,7.6e-05,0.012021,6.491025,2.038813,0
MOS,-0.000396,0.020263,6.635399,1.545636,2
MPC,0.000636,0.022357,6.756179,1.673524,2
MRK,0.000229,0.014276,7.017266,1.766231,1
MRO,-0.000209,0.032164,7.118234,1.332263,2
MS,0.000653,0.016168,7.053179,1.557787,1
MSFT,0.000922,0.013695,7.487317,1.733076,1
MSI,0.00038,0.012062,6.169694,1.857321,0
MTB,0.000476,0.01283,5.924779,2.116692,0
MTD,0.001032,0.013827,5.235326,2.577324,0
MU,0.001021,0.027704,7.446581,1.388203,2
MYL,0.000258,0.022993,6.776251,1.67464,2
NAVI,-3.7e-05,0.021117,6.504127,1.187821,2
NBL,-0.000559,0.02291,6.621353,1.633013,2
NCLH,0.000627,0.019958,6.213636,1.668751,0
NDAQ,0.000737,0.011681,6.0233,1.759596,0
NEE,0.000668,0.010379,6.314016,2.060056,0
NEM,0.000762,0.025126,6.878891,1.450928,2
NFLX,0.001651,0.026585,7.157569,2.01761,1
NFX,0.000651,0.028132,6.509467,1.539956,2
NI,0.000198,0.023037,6.411288,1.467685,2
NKE,0.000563,0.013925,6.934433,1.714956,1
NLSN,-0.000115,0.013873,6.400814,1.655897,1
NOC,0.001051,0.010896,6.028114,2.284465,0
NOV,-0.000556,0.021162,6.661525,1.679142,2
NRG,0.000371,0.027462,6.733953,1.329456,2
NSC,0.000587,0.016035,6.275336,2.005633,0
NTAP,0.000465,0.01764,6.542334,1.557628,1
NTRS,0.000588,0.013806,6.086011,1.87071,0
NUE,0.000324,0.016675,6.39106,1.707554,1
NVDA,0.00276,0.023739,7.031865,1.787918,1
NWL,0.000237,0.02345,6.535194,1.616398,2
NWS,3.9e-05,0.015048,5.977552,1.160653,1
NWSA,1.9e-05,0.015513,6.480107,1.158723,1
O,0.000504,0.012441,6.286523,1.723107,0
OKE,0.000154,0.02395,6.391606,1.688856,2
OMC,4.9e-05,0.011408,6.225102,1.884529,0
ORCL,0.000299,0.012512,7.156891,1.619758,1
ORLY,0.00074,0.015283,5.934715,2.347576,0
OXY,-0.000131,0.014817,6.66492,1.881929,1
PAYX,0.000463,0.010303,6.330169,1.716013,0
PBCT,0.000287,0.011656,6.531258,1.205768,1
PCAR,0.000297,0.014391,6.304667,1.790366,0
PCG,0.000203,0.012633,6.488367,1.745043,1
PCLN,0.000556,0.01676,5.801354,3.1431,0
PDCO,-2.1e-05,0.013992,6.015534,1.642389,0
PEG,0.000564,0.011792,6.50128,1.623543,1
PEP,0.000411,0.008284,6.64558,2.002349,0
PFE,0.00023,0.010755,7.421928,1.514907,1
PFG,0.000479,0.014667,6.12991,1.720785,0
PG,0.000167,0.008503,6.957668,1.922869,1
PGR,0.000794,0.010251,6.532638,1.516092,1
PH,0.000541,0.013658,6.076479,2.110148,0
PHM,0.000634,0.016253,6.747896,1.321398,1
PKG,0.00077,0.015981,5.987201,1.895463,0
PKI,0.000657,0.012688,5.875791,1.719859,0
PLD,0.000626,0.011894,6.431514,1.672243,1
PM,0.000257,0.01027,6.655436,1.970934,1
PNC,0.000708,0.012518,6.377413,1.994832,0
PNR,3.8e-05,0.015623,6.123593,1.80167,0
PNW,0.000544,0.010378,5.913918,1.843695,0
PPG,0.00029,0.012521,6.193639,2.018775,0
PPL,0.000105,0.011171,6.636137,1.542724,1
PRGO,-0.00033,0.021426,6.21862,2.101784,2
PRU,0.000353,0.015326,6.380668,1.950572,0
PSA,0.0004,0.011239,5.873324,2.317609,0
PSX,0.00039,0.014955,6.497183,1.908876,0
PVH,0.000172,0.018287,6.029407,2.034987,0
PWR,0.000423,0.019518,6.335702,1.478344,1
PX,0.00023,0.010335,6.128301,2.08974,0
PXD,0.000233,0.022512,6.298752,2.215617,0
PYPL,0.001259,0.017397,6.941937,1.650804,1
QCOM,1.2e-05,0.016993,7.040023,1.801345,1
QRVO,0.000293,0.02714,6.251672,1.791877,2
RCL,0.001118,0.019753,6.325921,1.916361,0
RE,0.000438,0.010851,5.529277,2.28338,0
REG,0.000473,0.011497,5.863671,1.812624,0
REGN,0.000555,0.022162,5.944211,2.615132,0
RF,0.000699,0.016955,7.223902,1.046698,1
RHI,0.000424,0.016086,6.031759,1.682138,0
RHT,0.000893,0.016177,6.199404,1.881428,0
RJF,0.000661,0.015107,5.885403,1.78442,0
RL,-0.000328,0.019459,6.06714,2.074232,2
RMD,0.000716,0.014986,5.971368,1.786653,0
ROK,0.000618,0.014029,5.967607,2.106541,0
ROP,0.000688,0.011204,5.666791,2.254452,0
ROST,0.000871,0.014505,6.476011,1.721946,1
RRC,-0.001135,0.029073,6.621992,1.658629,2
RSG,0.000751,0.008523,6.164051,1.678445,0
RTN,0.000806,0.011092,6.232587,2.104338,0
SBAC,0.000707,0.013931,6.042948,2.057652,0
SBUX,0.000472,0.012336,6.963916,1.709394,1
SCG,-5.4e-05,0.013454,6.009791,1.774482,0
SCHW,0.000847,0.018049,6.903898,1.514609,1
SEE,0.000491,0.015048,6.299368,1.637541,1
SHW,0.000889,0.012903,5.850943,2.441061,0
SIG,-3.6e-05,0.02381,6.13117,1.997832,2
SJM,0.000268,0.012007,5.94653,2.070279,0
SLB,-0.000167,0.014651,6.872937,1.914841,1
SLG,0.000172,0.012587,5.873077,2.033995,0
SNA,0.000551,0.012655,5.652077,2.172002,0
SNI,0.000113,0.015198,6.089796,1.850222,0
SNPS,0.000808,0.01143,5.922328,1.733256,0
SO,0.00021,0.009407,6.702251,1.675229,1
SPG,0.000189,0.011695,6.168069,2.256992,0
SPGI,0.000858,0.012948,6.099932,2.035596,0
SRCL,-0.000388,0.015882,5.882413,2.027886,0
SRE,0.000248,0.010867,6.076263,2.021637,0
STI,0.000674,0.014597,6.557328,1.654535,1
STT,0.0004,0.015018,6.375463,1.870083,0
STX,6e-05,0.025786,6.653806,1.650705,2
STZ,0.001273,0.013111,6.131142,2.139486,0
SWK,0.000811,0.011482,6.043551,2.044408,0
SWKS,0.001488,0.022496,6.505931,1.887021,0
SYF,0.000748,0.016965,6.774856,1.484919,1
SYK,0.000785,0.010896,6.134977,2.03059,0
SYMC,0.000321,0.01667,6.828869,1.382519,1
SYY,0.000579,0.01074,6.566162,1.650061,1
T,0.000155,0.00991,7.406142,1.563058,1
TAP,0.000494,0.014232,6.233394,1.920047,0
TDG,0.00066,0.0154,5.730011,2.358583,0
TEL,0.000634,0.012674,6.251644,1.825615,0
TGT,0.000145,0.014982,6.766326,1.831872,1
TIF,0.000248,0.016231,6.191397,1.931793,0
TJX,0.000264,0.012595,6.567026,1.842249,1
TMK,0.00061,0.009934,5.777215,1.795515,0
TMO,0.000626,0.012665,6.244328,2.153818,0
TPR,-7.7e-05,0.017587,6.617718,1.589509,2
TRIP,-0.000485,0.026774,6.376638,1.834293,2
TROW,0.000314,0.012319,6.186766,1.889981,0
TRV,0.000461,0.009596,6.262273,2.037961,0
TSCO,0.000111,0.016568,6.168529,1.877336,0
TSN,0.001035,0.017059,6.57217,1.729225,1
TSS,0.000977,0.014135,6.101827,1.667148,0
TWX,0.000388,0.014452,6.721738,1.912838,1
TXN,0.000972,0.013573,6.753844,1.793587,1
TXT,0.000562,0.015484,6.252607,1.629302,1
UA,-0.002318,0.028249,6.512486,1.385629,2
UAA,-5.9e-05,0.026193,6.759271,1.511566,2
UAL,0.000853,0.023485,6.735272,1.758762,2
UDR,0.000564,0.011244,6.213607,1.528094,1
UHS,0.000486,0.017073,5.921583,2.05675,0
ULTA,0.001017,0.018946,5.991075,2.265113,0
UNH,0.001156,0.012495,6.573877,2.115037,0
UNM,0.000565,0.01402,6.186197,1.578807,0
UNP,0.000564,0.013651,6.63822,1.999998,0
UPS,0.000191,0.009874,6.465869,2.020284,0
URI,0.001107,0.024488,6.280774,1.97869,0
USB,0.000355,0.011132,6.832364,1.655762,1
UTX,0.000179,0.01036,6.595032,2.039024,0
V,0.000798,0.012473,6.975234,1.877575,1
VAR,0.00044,0.012546,5.886011,1.946428,0
VFC,0.000268,0.013938,6.382472,1.804274,0
VIAB,-0.000798,0.021297,6.601671,1.728107,2
VLO,0.000773,0.018158,6.784769,1.782562,1
VMC,0.000921,0.016976,6.053243,1.984989,0
VNO,-3.6e-05,0.013031,5.949122,1.989641,0
VRSK,0.000451,0.011435,5.950992,1.872246,0
VRSN,0.000732,0.013465,6.020993,1.878034,0
VRTX,0.00108,0.028209,6.255756,2.029597,2
VTR,0.000145,0.01338,6.34498,1.811089,0
VZ,0.000128,0.010157,7.225704,1.688915,1
WAT,0.000749,0.013144,5.708045,2.135518,0
WBA,0.000368,0.015457,6.728037,1.892177,1
WDC,0.000213,0.022385,6.550495,1.895497,2
WEC,0.000545,0.010787,6.265572,1.735721,0
WFC,0.00037,0.012148,7.259632,1.718206,1
WHR,0.000224,0.017076,5.982873,2.227792,0
WLTW,0.000431,0.011866,5.899269,2.123165,0
WM,0.000702,0.008626,6.303458,1.767136,0
WMB,0.000301,0.032347,6.922281,1.567341,2
WMT,0.000288,0.011426,6.92713,1.872609,1
WRK,0.000194,0.019853,6.225548,1.703423,2
WU,0.000208,0.014076,6.694689,1.275979,1
WY,0.0002,0.0127,6.618341,1.502299,1
WYN,0.00055,0.013985,6.058616,1.911879,0
WYNN,0.0002,0.026969,6.416988,2.11397,2
XEC,0.000442,0.022348,6.069002,2.061961,0
XEL,0.000606,0.010056,6.474878,1.5836,1
XL,0.000188,0.011869,6.346916,1.559805,1
XLNX,0.0005,0.015382,6.484319,1.70754,1
XOM,-0.000111,0.011303,7.089862,1.939764,1
XRAY,0.000385,0.011815,6.101505,1.74745,0
XRX,-0.000329,0.017548,6.367813,1.613985,2
XYL,0.000771,0.012975,6.064164,1.638641,0
YUM,0.000244,0.017225,6.508532,1.883106,1
ZBH,0.000361,0.013664,6.130257,2.043704,0
ZION,0.000675,0.016689,6.440607,1.51421,1
ZTS,0.000897,0.014226,6.542208,1.67457,1
